<?xml version="1.0"?>
<data grt_format="2.0">
  <value _ptr_="00000273F639BCD0" type="list" content-type="object" content-struct-name="db.mgmt.Connection">
    <value type="object" struct-name="db.mgmt.Connection" id="{4E24B0FF-DA3B-4521-9C6A-83B7B83CF862}" struct-checksum="0x96ba47d8">
      <link type="object" struct-name="db.mgmt.Driver" key="driver">com.mysql.rdbms.mysql.driver.native</link>
      <value type="string" key="hostIdentifier">Mysql@localhost:3306</value>
      <value type="int" key="isDefault">0</value>
      <value _ptr_="00000273F6892C90" type="dict" key="modules"/>
      <value _ptr_="00000273F68928D0" type="dict" key="parameterValues">
        <value type="string" key="DbSqlEditor:LastDefaultSchema">check</value>
        <value type="string" key="hostName">localhost</value>
        <value type="int" key="lastConnected">1702766738</value>
        <value type="int" key="port">3306</value>
        <value type="string" key="serverVersion">8.0.35</value>
        <value type="string" key="userName">root</value>
      </value>
      <value type="string" key="name">Local instance MySQL80</value>
      <link type="object" struct-name="GrtObject" key="owner">{BB63E861-341C-4C24-AE32-627D2102C2C5}</link>
    </value>
  </value>
</data>
